create database RestauranteBasicas
go

--creación de tablas
use RestauranteBasicas;
go


if object_id('DetalleComida') is not null
  drop table DetalleComida;
  go
if object_id('Comida') is not null
  drop table Comida;
  go
if object_id('Mesa') is not null
  drop table Mesa;
  go
if object_id('Plato') is not null
  drop table Plato;
  go
if object_id('TipoPlato') is not null
  drop table TipoPlato;
  go




create table Mesa
(CodMesa char(3));

create table Plato
(CodPlato integer,
 Plato varchar(150),
 Precio numeric (6,2),
 CodTipoPlato integer);

create table TipoPlato
(CodTipoPlato integer,
 TipoPlato varchar(100),
 Agrupa varchar(10) );

create table Comida
(IdComida integer ,
 Fecha datetime,
 CodMesa char(3),
 Pagado char(1));

create table DetalleComida
(IdDetalle integer,
 IdComida integer,
 CodPlato integer ,
 PrecioPlato numeric (6,2) ,
 Servido char(1) );

go
--Insertar Mesa
insert into Mesa values ('A01');
insert into Mesa values ('A02');
insert into Mesa values ('A03');
insert into Mesa values ('A04');
insert into Mesa values ('A05');
insert into Mesa values ('A06');
insert into Mesa values ('A07');
insert into Mesa values ('A08');
insert into Mesa values ('B01');
insert into Mesa values ('B02');
insert into Mesa values ('B03');
insert into Mesa values ('B04');
insert into Mesa values ('B05');
insert into Mesa values ('C01');
insert into Mesa values ('C02');
insert into Mesa values ('C03');
insert into Mesa values ('C04');
go
--Insertar TipoPlato
insert into TipoPlato values ( 1 ,'Entrantes fríos', 'Plato');
insert into TipoPlato values ( 2 ,'Entrantes Calientes', 'Plato');
insert into TipoPlato values ( 3 ,'Pasta y Arroces', 'Plato');
insert into TipoPlato values ( 4 ,'Pescados y Mariscos', 'Plato');
insert into TipoPlato values ( 5 ,'Carnes', 'Plato');
insert into TipoPlato values ( 6 ,'Los postres', 'Plato');
insert into TipoPlato values ( 7 ,'Cerveza', 'Bebida');
insert into TipoPlato values ( 8 ,'Cavas', 'Bebida');
insert into TipoPlato values ( 9 ,'Agua y zumos', 'Bebida');
insert into TipoPlato values ( 10 ,'Bebidas calientes', 'Bebida');
go

--Insertar Plato
insert into Plato values ( 0 ,'Servicio de Pan y Mantequilla', 1, 1);
insert into Plato values ( 1 ,'Pan tostado con tomate y jamón ibérico de bellota', 6, 1);
insert into Plato values ( 2 ,'Ensalada César', 9, 1);
insert into Plato values ( 3 ,'Gazpacho de mangas', 6, 1);
insert into Plato values ( 4 ,'Ensalada de bacalao con vinagreta española', 11, 1);
insert into Plato values ( 5 ,'Salmón marinado al eneldo con salsa de mostaza', 12, 1);
insert into Plato values ( 6 ,'Tabla de embutidos ibéricos con rúcula y tomates cherry', 13.5, 1);
insert into Plato values ( 7 ,'Filetes de arenque marinados sobre un lecho de patatas cocidas con manzana Goleen y salsa de curry', 11, 1);
insert into Plato values ( 8 ,'Foie mi-cuit de pato sobre pan tostado con sésamo y salsa de moras', 11, 1);
insert into Plato values ( 9 ,'Crema de mariscos con corona de nata', 6, 2);
insert into Plato values ( 10 ,'Ensalada templada de verduras rebozadas con reducción de balsámic', 9, 2);
insert into Plato values ( 11 ,'Verduritas de la huerta a la plancha con aliño de vinagre balsámico y aceite Hojiblanca', 9, 2);
insert into Plato values ( 12 ,'Colas de langostinos y manzanas en tempura', 12, 2);
insert into Plato values ( 13 ,'Foie de pato dorado en la sartén con pera caramelizada y salsa al Pedro Ximénez', 11.5, 2);
insert into Plato values ( 14 ,'Nido de pasta con langostinos y calabacines en salsa de champán', 11, 3);
insert into Plato values ( 15 ,'Tortellini a la carbonara y crujiente de puerro', 9, 3);
insert into Plato values ( 16 ,'Arroz caldoso con bogavante (Mínimo 2 personas - Precio por persona)', 23, 3);
insert into Plato values ( 17 ,'Paella de pescado y marisco (Mínimo 2 personas - Precio por persona)', 13, 3);
insert into Plato values ( 18 ,'Filetes de salmonetes al horno con majada de cilantro y cebolla confitada', 13, 4);
insert into Plato values ( 19 ,'Centro de bacalao en su punto de sal con ajos tostados y pimientos del piquillo', 14.5, 4);
insert into Plato values ( 20 ,'Salmón rojo a la plancha con verduritas de la huerta', 15, 4);
insert into Plato values ( 21 ,'Lenguado relleno de gambas y gratinado con salsa Mornay', 16, 4);
insert into Plato values ( 22 ,'Lomo de merluza con gulas y gratinado con salsa holandesa', 19.5, 4);
insert into Plato values ( 23 ,'Langosta rellena de aguacate y gratinada con salsa holandesa', 19.5, 4);
insert into Plato values ( 24 ,'Magret de pato sobre un lecho de patatas salteadas con frutos del bosque y coulis de moras', 12, 5);
insert into Plato values ( 25 ,'Entrecot fresco a la parrilla con mantequilla Café de Paris', 13.5, 5);
insert into Plato values ( 26 ,'Centro de solomillo a la parrilla con verduritas torneadas y salsa a elección', 16.5, 5);
insert into Plato values ( 27 ,'Chateaubriand con dos salsas (mín. 2 personas - Precio por persona)', 16.5, 5);
insert into Plato values ( 28 ,'Dueto de solomillo de ternera lechal y de buey con salsa al vino tinto y bearnesa', 17, 5);
insert into Plato values ( 29 ,'Chuletillas de cordero lechal con lecho de panaderas y ali- oli artesano', 15.5, 5);
insert into Plato values ( 30 ,'Solomillo con medallón de foie de pato, manzana caramelizada y reducción de Pedro Ximénez', 19, 5);
insert into Plato values ( 31 ,'Tiras de pluma ibérica salteadas con champiñones y setas al brandy', 16, 5);
insert into Plato values ( 32 ,'La fondue de solomillo y magret de pato con trilogía de salsas (mín. 2 personas - Precio por persona)', 20, 5);
insert into Plato values ( 33 ,'Mousse de chocolate Black & White con virutas de chocolate y almendras', 5.5, 6);
insert into Plato values ( 34 ,'Crêpes con salsa de naranja, helado de vainilla y chantilly', 6.5, 6);
insert into Plato values ( 35 ,'Hojaldre caliente de manzana sobre un espejo de crema inglesa', 5, 6);
insert into Plato values ( 36 ,'Semifrído de manga sobre bizcocho de especies', 5, 6);
insert into Plato values ( 37 ,'Crema catalana quemada y cristales de glucosa', 5, 6);
insert into Plato values ( 38 ,'La fondue de chocolate con fruta fresca y frutos secos (mín. 2 personas - Precio por persona)', 6, 6);
insert into Plato values ( 39 ,'Mousse de toffee con salsa de chocolate caliente', 5.5, 6);
insert into Plato values ( 40 ,'Selección de quesos europeos', 6, 6);
insert into Plato values ( 41 ,'Tropical Pils de barril 0,3', 3, 7);
insert into Plato values ( 42 ,'Tropical Pils de barril 0,4', 4, 7);
insert into Plato values ( 43 ,'Guinness de barril 0,25', 2.5, 7);
insert into Plato values ( 44 ,'Guinness de barril 0,5', 4.5, 7);
insert into Plato values ( 45 ,'Fürstenberg Pils de barril 0,2', 2.5, 7);
insert into Plato values ( 46 ,'Fürstenberg Pils de barril 0,4', 4, 7);
insert into Plato values ( 47 ,'Franziskaner Weissbier 0,5', 4.5, 7);
insert into Plato values ( 48 ,'Dorada 0,33', 3, 7);
insert into Plato values ( 49 ,'Dorada, sin alcohol 0,33', 2.5, 7);
insert into Plato values ( 50 ,'Freixenet Cordon Negro Mini', 5, 8);
insert into Plato values ( 51 ,'Freixenet Carta Nevada', 18, 8);
insert into Plato values ( 52 ,'Freixenet Cordon Negro', 22, 8);
insert into Plato values ( 53 ,'Veuve Cliquot Ponsardin Brut', 54, 8);
insert into Plato values ( 54 ,'Krug Gran Cuvée', 249, 8);
insert into Plato values ( 55 ,'Coca Cola', 2.5, 9);
insert into Plato values ( 56 ,'Coca Cola Zero', 2.5, 9);
insert into Plato values ( 57 ,'Fanta Naranja', 2.5, 9);
insert into Plato values ( 58 ,'Fanta Limón', 2.5, 9);
insert into Plato values ( 59 ,'Sprite', 2.5, 9);
insert into Plato values ( 60 ,'Finley: Tonic Water', 2.5, 9);
insert into Plato values ( 61 ,'Firgas sin gas 0,5', 3.5, 9);
insert into Plato values ( 62 ,'Firgas con gas 0,5', 3.5, 9);
insert into Plato values ( 63 ,'Zumo Manzana', 2.5, 9);
insert into Plato values ( 64 ,'Zumo Maracuyá', 2.5, 9);
insert into Plato values ( 65 ,'Zumo Naranja', 2.5, 9);
insert into Plato values ( 66 ,'Zumo Piña', 2.5, 9);
insert into Plato values ( 67 ,'Zumo Tomate', 2.5, 9);
insert into Plato values ( 68 ,'Espresso', 1, 10);
insert into Plato values ( 69 ,'Cortado', 1, 10);
insert into Plato values ( 70 ,'Café con leche', 1.5, 10);
insert into Plato values ( 71 ,'Latte macchiato', 2.5, 10);
insert into Plato values ( 72 ,'Té', 1.5, 10);
insert into Plato values ( 73 ,'Cappuccino', 1.5, 10);
insert into Plato values ( 74 ,'Cacao', 2, 10);
insert into Plato values ( 75 ,'Carajillo', 3.5, 10);
insert into Plato values ( 76 ,'Irish coffee', 6, 10);
go

--formato de inserción de Comida y DetalleComida
set dateformat dmy;
go

insert into Comida values (1,'19/02/2012','B01','N');
go

insert into Comida values (2,'19/02/2012','A03','N');
go

DECLARE @identity integer;
insert into Comida values (3,'18/02/2012','A01','S');
 set @identity =3;
insert into DetalleComida values (1,@identity,0,1,'S');
insert into DetalleComida values (2,@identity,0,1,'S');
insert into DetalleComida values (3,@identity,0,1,'S');
insert into DetalleComida values (4,@identity,2,9,'S');
insert into DetalleComida values (5,@identity,5,12,'S');
insert into DetalleComida values (6,@identity,9,6,'S');
insert into DetalleComida values (7,@identity,14,11,'S');
insert into DetalleComida values (8,@identity,15,9,'S');
insert into DetalleComida values (9,@identity,13,11.5,'S');
insert into DetalleComida values (10,@identity,41,3,'S');
insert into DetalleComida values (11,@identity,65,2.5,'S');
insert into DetalleComida values (12,@identity,62,3.5,'S');
insert into DetalleComida values (13,@identity,61,3.5,'S');
insert into DetalleComida values (14,@identity,55,2.5,'S');
go
DECLARE @identity integer;
insert into Comida values (4,'18/02/2012','A02','S');
 set @identity =4;
insert into DetalleComida values (15,@identity,0,1,'S');
insert into DetalleComida values (16,@identity,6,13.5,'S');
insert into DetalleComida values (17,@identity,12,12,'S');
insert into DetalleComida values (18,@identity,15,9,'S');
insert into DetalleComida values (19,@identity,55,2.5,'S');
insert into DetalleComida values (20,@identity,48,3,'S');
insert into DetalleComida values (21,@identity,49,2.5,'S');
insert into DetalleComida values (22,@identity,69,1,'S');
insert into DetalleComida values (23,@identity,69,1,'S');
go
DECLARE @identity integer;
insert into Comida values (5,'18/02/2012','A03','N');
 set @identity =5;
insert into DetalleComida values (24,@identity,0,1,'S');
insert into DetalleComida values (25,@identity,1,6,'S');
insert into DetalleComida values (26,@identity,31,16,'S');
insert into DetalleComida values (27,@identity,18,13,'S');
insert into DetalleComida values (28,@identity,33,5.5,'N');
insert into DetalleComida values (29,@identity,34,6.5,'N');
insert into DetalleComida values (30,@identity,52,22,'S');
go
DECLARE @identity integer;
insert into Comida values (6,'18/02/2012','A04','S');
 set @identity =6;
insert into DetalleComida values (31,@identity,2,9,'S');
insert into DetalleComida values (32,@identity,9,6,'S');
insert into DetalleComida values (33,@identity,19,14.5,'S');
insert into DetalleComida values (34,@identity,36,5,'S');
insert into DetalleComida values (35,@identity,42,4,'N');
insert into DetalleComida values (36,@identity,42,4,'N');
insert into DetalleComida values (37,@identity,68,1,'S');
go
DECLARE @identity integer;
insert into Comida values (7,'18/02/2012','A05','S');
 set @identity =7;
insert into DetalleComida values (38,@identity,0,1,'S');
insert into DetalleComida values (39,@identity,3,6,'S');
insert into DetalleComida values (40,@identity,6,13.5,'S');
insert into DetalleComida values (41,@identity,17,13,'S');
insert into DetalleComida values (42,@identity,14,11,'S');
insert into DetalleComida values (43,@identity,24,12,'S');
insert into DetalleComida values (44,@identity,32,20,'S');
insert into DetalleComida values (45,@identity,27,16.5,'S');
insert into DetalleComida values (46,@identity,33,5.5,'S');
insert into DetalleComida values (47,@identity,35,5,'S');
insert into DetalleComida values (48,@identity,36,5,'S');
insert into DetalleComida values (49,@identity,38,6,'S');
insert into DetalleComida values (50,@identity,63,2.5,'S');
insert into DetalleComida values (51,@identity,55,2.5,'S');
insert into DetalleComida values (52,@identity,56,2.5,'S');
insert into DetalleComida values (53,@identity,48,3.5,'S');
insert into DetalleComida values (54,@identity,48,3.5,'S');
insert into DetalleComida values (55,@identity,66,2.5,'S');
insert into DetalleComida values (56,@identity,48,3.5,'S');
go
DECLARE @identity integer;
insert into Comida values (8,'18/02/2012','A06','N');
 set @identity =8;
insert into DetalleComida values (57,@identity,0,1,'S');
insert into DetalleComida values (58,@identity,40,6,'N');
insert into DetalleComida values (59,@identity,22,22.5,'N');
insert into DetalleComida values (60,@identity,37,5,'N');
insert into DetalleComida values (61,@identity,59,3,'N');
insert into DetalleComida values (62,@identity,76,6,'N');
go
DECLARE @identity integer;
insert into Comida values (9,'19/02/2012','A03','N');
 set @identity =9;
insert into DetalleComida values (63,@identity,0,1,'S');
insert into DetalleComida values (64,@identity,2,9,'S');
insert into DetalleComida values (65,@identity,1,6,'S');
insert into DetalleComida values (66,@identity,8,11,'S');
insert into DetalleComida values (67,@identity,56,3.5,'S');
go
DECLARE @identity integer;
insert into Comida values (10,'19/02/2012','B02','S');
 set @identity =10;
insert into DetalleComida values (68,@identity,15,9,'S');
insert into DetalleComida values (69,@identity,14,11,'S');
insert into DetalleComida values (70,@identity,0,1,'S');
insert into DetalleComida values (71,@identity,1,6,'S');
insert into DetalleComida values (72,@identity,39,5.5,'S');
insert into DetalleComida values (73,@identity,48,3,'S');
insert into DetalleComida values (74,@identity,47,5,'S');
go
DECLARE @identity integer;
insert into Comida values (11,'19/02/2012','C02','S');
 set @identity =11;
insert into DetalleComida values (75,@identity,0,1,'S');
insert into DetalleComida values (76,@identity,2,9,'S');
insert into DetalleComida values (77,@identity,3,6,'S');
insert into DetalleComida values (78,@identity,19,14.5,'S');
insert into DetalleComida values (79,@identity,21,16,'S');
insert into DetalleComida values (80,@identity,20,15,'S');
insert into DetalleComida values (81,@identity,25,13.5,'S');
insert into DetalleComida values (82,@identity,58,2.5,'S');
insert into DetalleComida values (83,@identity,48,3,'S');
insert into DetalleComida values (84,@identity,49,2.5,'S');
insert into DetalleComida values (85,@identity,56,2.5,'S');
insert into DetalleComida values (86,@identity,74,2,'S');
insert into DetalleComida values (87,@identity,75,3.5,'S');
insert into DetalleComida values (88,@identity,70,1.5,'S');
go
DECLARE @identity integer;
insert into Comida values (12,'19/02/2012','B01','S');
 set @identity =12;
insert into DetalleComida values (89,@identity,0,1,'S');
insert into DetalleComida values (90,@identity,2,9,'S');
insert into DetalleComida values (91,@identity,11,9,'S');
insert into DetalleComida values (92,@identity,13,11.5,'S');
insert into DetalleComida values (93,@identity,54,249,'S');
insert into DetalleComida values (94,@identity,72,1.5,'S');
insert into DetalleComida values (95,@identity,75,3.5,'S');
go
DECLARE @identity integer;
insert into Comida values (13,'17/02/2012','B02','S');
 set @identity =13
insert into DetalleComida values (96,@identity,0,1,'S');
insert into DetalleComida values (97,@identity,4,11,'S');
insert into DetalleComida values (98,@identity,14,11,'S');
insert into DetalleComida values (99,@identity,23,19.5,'S');
insert into DetalleComida values (100,@identity,29,15.5,'S');
insert into DetalleComida values (101,@identity,20,15,'S');
insert into DetalleComida values (102,@identity,38,6,'S');
insert into DetalleComida values (103,@identity,34,6.5,'S');
insert into DetalleComida values (104,@identity,55,2.5,'S');
insert into DetalleComida values (105,@identity,63,2.5,'S');
insert into DetalleComida values (106,@identity,48,3,'S');
insert into DetalleComida values (107,@identity,44,4.5,'S');
insert into DetalleComida values (108,@identity,68,1,'S');
insert into DetalleComida values (109,@identity,70,1.5,'S');
insert into DetalleComida values (110,@identity,38,6,'S');
go
DECLARE @identity integer;
insert into Comida values (14,'17/02/2012','A04','S');
 set @identity =14;
insert into DetalleComida values (111,@identity,1,6,'S');
insert into DetalleComida values (112,@identity,3,6,'S');
insert into DetalleComida values (113,@identity,3,6,'S');
insert into DetalleComida values (114,@identity,10,9,'S');
insert into DetalleComida values (115,@identity,15,9,'S');
insert into DetalleComida values (116,@identity,16,23,'S');
insert into DetalleComida values (117,@identity,33,5.5,'S');
insert into DetalleComida values (118,@identity,49,2.5,'S');
insert into DetalleComida values (119,@identity,54,249,'S');
insert into DetalleComida values (120,@identity,61,3.5,'S');
insert into DetalleComida values (121,@identity,72,1.5,'S');
insert into DetalleComida values (122,@identity,69,1,'S');
insert into DetalleComida values (123,@identity,16,23,'S');
go
DECLARE @identity integer;
insert into Comida values (15,'17/02/2012','C03','S');
 set @identity =15;
insert into DetalleComida values (124,@identity,0,1,'S');
insert into DetalleComida values (125,@identity,6,13.5,'S');
insert into DetalleComida values (126,@identity,23,19.5,'S');
insert into DetalleComida values (127,@identity,56,2.5,'S');
insert into DetalleComida values (128,@identity,57,2.5,'S');
insert into DetalleComida values (129,@identity,76,6,'S');
go
DECLARE @identity integer;
insert into Comida values (16,'17/02/2012','A03','S');
 set @identity =16;
insert into DetalleComida values (130,@identity,70,1.5,'S');
insert into DetalleComida values (131,@identity,73,1.5,'S');
insert into DetalleComida values (132,@identity,69,1,'S');
insert into DetalleComida values (133,@identity,69,1,'S');
go
DECLARE @identity integer;
insert into Comida values (17,'16/02/2012','B02','S');
 set @identity =17;
insert into DetalleComida values (134,@identity,0,1,'S');
insert into DetalleComida values (135,@identity,0,1,'S');
insert into DetalleComida values (136,@identity,24,12,'S');
insert into DetalleComida values (137,@identity,7,11,'S');
insert into DetalleComida values (138,@identity,48,3,'S');
insert into DetalleComida values (139,@identity,44,4.5,'S');
go
DECLARE @identity integer;
insert into Comida values (18,'16/02/2012','A03','S');
 set @identity =18;
insert into DetalleComida values (140,@identity,0,1,'S');
insert into DetalleComida values (141,@identity,0,1,'S');
insert into DetalleComida values (142,@identity,0,1,'S');
insert into DetalleComida values (143,@identity,4,11,'S');
insert into DetalleComida values (144,@identity,20,15,'S');
insert into DetalleComida values (145,@identity,25,13.5,'S');
insert into DetalleComida values (146,@identity,29,15.5,'S');
insert into DetalleComida values (147,@identity,38,6,'S');
insert into DetalleComida values (148,@identity,54,249,'S');
insert into DetalleComida values (149,@identity,62,3.5,'S');
insert into DetalleComida values (150,@identity,59,2.5,'S');
insert into DetalleComida values (151,@identity,72,1.5,'S');
insert into DetalleComida values (152,@identity,38,6,'S');
go
DECLARE @identity integer;
insert into Comida values (19,'16/02/2012','C01','S');
 set @identity =19;
insert into DetalleComida values (153,@identity,1,6,'S');
insert into DetalleComida values (154,@identity,30,19,'S');
insert into DetalleComida values (155,@identity,31,16,'S');
insert into DetalleComida values (156,@identity,20,15,'S');
insert into DetalleComida values (157,@identity,14,11,'S');
insert into DetalleComida values (158,@identity,22,19.5,'S');
insert into DetalleComida values (159,@identity,35,5,'S');
insert into DetalleComida values (160,@identity,36,5,'S');
insert into DetalleComida values (161,@identity,34,6.5,'S');
insert into DetalleComida values (162,@identity,34,6.5,'S');
insert into DetalleComida values (163,@identity,48,3,'S');
insert into DetalleComida values (164,@identity,48,3,'S');
insert into DetalleComida values (165,@identity,56,2.5,'S');
insert into DetalleComida values (166,@identity,55,2.5,'S');
insert into DetalleComida values (167,@identity,49,2.5,'S');
insert into DetalleComida values (168,@identity,58,2.5,'S');
insert into DetalleComida values (169,@identity,58,2.5,'S');
insert into DetalleComida values (170,@identity,69,1,'S');
insert into DetalleComida values (171,@identity,70,1.5,'S');
go
DECLARE @identity integer;
insert into Comida values (20,'15/02/2012','B02','S');
 set @identity =20;
insert into DetalleComida values (172,@identity,0,1,'S');
insert into DetalleComida values (173,@identity,0,1,'S');
insert into DetalleComida values (174,@identity,8,11,'S');
insert into DetalleComida values (175,@identity,18,13,'S');
insert into DetalleComida values (176,@identity,21,16,'S');
insert into DetalleComida values (177,@identity,48,3,'S');
insert into DetalleComida values (178,@identity,56,2.5,'S');
insert into DetalleComida values (179,@identity,56,2.5,'S');
insert into DetalleComida values (180,@identity,74,2,'S');
go
DECLARE @identity integer;
insert into Comida values (21,'15/02/2012','A03','S');
 set @identity =21;
insert into DetalleComida values (181,@identity,0,1,'S');
insert into DetalleComida values (182,@identity,9,6,'S');
insert into DetalleComida values (183,@identity,22,19.5,'S');
insert into DetalleComida values (184,@identity,30,19,'S');
insert into DetalleComida values (185,@identity,32,20,'S');
insert into DetalleComida values (186,@identity,38,6,'S');
insert into DetalleComida values (187,@identity,47,4.5,'S');
insert into DetalleComida values (188,@identity,45,2.5,'S');
insert into DetalleComida values (189,@identity,54,249,'S');
insert into DetalleComida values (190,@identity,72,1.5,'S');
insert into DetalleComida values (191,@identity,72,1.5,'S');
insert into DetalleComida values (192,@identity,72,1.5,'S');
go

-- Cuánto costaría 5 platos de todos los que tenemos. Ponerle nombre a la columna calculada.
SELECT Precio *5 FROM Plato
GO

-- Mostrar los precios de cada comida con el 5% de descuento. Ponerle nombre a la columna calculada.
SELECT Plato, Precio * 0.95 AS 'PrecioConDescuento'
FROM Plato;
GO


-- Modifcar el precio del plato 4 sumándole 3 euros.
UPDATE Plato
SET Precio = Precio + 3
WHERE CodPlato = 4;
GO

-- Calcular y explicar las siguientes operaciones matemátcas, poniéndole nombre al cálculo:

SELECT (4 + 5) * 6 AS 'Operacion1',
       3 + 4 * 2 AS 'Operacion2', 
       -4 * 5 + 2 AS 'Operacion3',
       22 % 5 AS 'Operacion4'; 
GO


-- De todos los tipos de plato, mostrar el campo Agrupa seguido por dos puntos y un blanco y el campo TipoPlato. Darle el nombre "Su plato" a la columna.

SELECT TipoPlato + ': ' + TipoPlato AS 'Su plato'
FROM TipoPlato;
GO

-- Muestra la fecha actual:
SELECT datepart(month,getdate());
GO

-- Calcular días transcurridos
SELECT nombre, fecha, DATEDIFF(CURDATE(), fecha) AS dias_transcurridos
FROM Comida;
GO

-- Comidas efectuadas en domingo
SELECT nombre, fecha
FROM Comida
WHERE DAYOFWEEK(fecha) = 1;
GO

-- Número del mes de cada comida
SELECT nombre, fecha, MONTH(fecha) AS mes
FROM Comida;
GO
